unique_id,category,scenario,initiating_actor,preconditions,exact_expected_flow,relevant_public_endpoint_or_event,expected_status_and_state_transition,idempotency_and_retry_behavior,security_authorization_boundary,current_implementation_status,certification_depth,direct_evidence,missing_work,production_risk,exact_test_needed_to_certify
UC-001,Onboarding,Provision a new POS partner and first location,Restec operator,Approved onboarding data and service-role access.,"Operator CLI validates input, generates API/request/webhook secrets, calls one transaction RPC, and prints secrets once.",CLI provision; RPC provision_pos_partner,Partner/restaurant/location/connection/key/webhook/profile inserted; credential active.,Retry only after checking generated IDs; RPC transaction is atomic but repeated explicit IDs conflict.,Service-role-only RPC; production requires --apply plus approval env.,PARTIALLY_IMPLEMENTED,unit tested,"scripts/provision-pos-partner.ts:64-96,119-182; supabase/migrations/20260802000100_pos_partner_credentials.sql:91-173; scripts/provision-pos-partner.test.ts:16",No Supabase integration test or retained production provisioning evidence.,high,Run on disposable sandbox DB; verify rollback on each injected insert failure and one-time secret handling.
UC-002,Onboarding,Provision another location for an existing partner,Restec operator,Approved onboarding data and service-role access.,"Operator can call provisioning again, but RPC also inserts a new restaurant and is not a dedicated add-location workflow.",CLI provision; RPC provision_pos_partner,New location/connection/key expected; existing partner insert is ignored.,Explicit IDs must be new; duplicate restaurant/location errors roll back.,Service role; environment encoded in rows.,PARTIALLY_IMPLEMENTED,not fully tested,supabase/migrations/20260802000100_pos_partner_credentials.sql:128-160; scripts/provision-pos-partner.ts:134-181,"Dedicated add-location path, scoped credential choice, and integration coverage.",high,Provision two locations under one restaurant/partner and verify independent connections/scopes.
UC-003,Onboarding,Rotate outbound POS webhook secret without dropping queued events,Restec operator,Approved onboarding data and service-role access.,No dual-secret or versioned webhook configuration runtime exists.,None,No supported state transition.,Undefined; queued events read current connector configuration.,Webhook secret is embedded in encrypted pos_connections configuration.,MISSING,not tested,packages/connectors/canonical-rest/src/index.ts:44-60; packages/database/src/supabase-repository.ts:264-282; docs/internal/POS_PARTNER_PRODUCTION_GAP_ASSESSMENT.md:18,"Versioned webhook secrets, overlap verification, event-to-secret binding, operator workflow.",critical,Queue events across rotation; accept old/new signatures in grace; prove no loss or wrong signature.
UC-004,Onboarding,Revoke an issued API credential,Restec operator,Approved onboarding data and service-role access.,Operator invokes revoke RPC by key prefix; auth stops selecting revoked rows.,CLI revoke; RPC revoke_pos_partner_credential,active/overlap -> revoked with revoked_at; later API call -> 401.,Repeat revoke returns false and CLI fails; no audit event.,"Service-role RPC, but CLI revoke lacks production approval guard.",PARTIALLY_IMPLEMENTED,unit tested indirectly,scripts/provision-pos-partner.ts:248-258; supabase/migrations/20260802000100_pos_partner_credentials.sql:221-242; packages/database/src/supabase-repository.ts:102-123,"Audit log, two-person production approval, integration test, partner notification.",high,Revoke active and overlap keys against Supabase; assert immediate 401 and immutable audit evidence.
UC-005,Topology,Select different POS vendor connectors per connection,Restec operator/POS partner,"Provisioned partner, locations and connections.",Registry resolves connector type/version; only canonical_rest and mock_pos exist.,Outbox dispatch -> ConnectorRegistry,Known enabled exact version dispatches; unknown/disabled/version mismatch retries then dead-letters.,Same outbox event retries with same event ID.,Connection/partner/environment context passed to connector.,PARTIALLY_IMPLEMENTED,unit and mock tested,packages/connector-registry/src/index.ts:4-14; packages/connector-registry/src/registry.test.ts:4; packages/connectors/mock-pos/src/index.ts:3-13,Real vendor connectors and certification per version.,high,"Install two real vendor fixtures; dispatch same canonical event; verify mappings, auth, retries."
UC-006,Topology,Multiple restaurants under one partner,Restec operator/POS partner,"Provisioned partner, locations and connections.",Schema supports it; provisioning workflow is create-oriented and no multi-restaurant integration test exists.,Operator provisioning RPC,Rows remain partner-linked through restaurant/location FKs.,DB uniqueness/FKs govern retries.,Service-role writes; runtime authorization joins restaurant.partner_id.,PARTIALLY_IMPLEMENTED,migration only,supabase/migrations/20260717000100_restec_foundation.sql:7-10; packages/database/src/supabase-repository.ts:245-263,Lifecycle/admin workflow and cross-restaurant tests.,medium,Create two restaurants and identical external bill IDs; prove tenant isolation and credential scopes.
UC-007,Topology,Multiple locations under one credential with location scopes,Restec operator/POS partner,"Provisioned partner, locations and connections.",Credential location scopes are checked before connection authorization and DB joins enforce partner/environment.,All /v1/locations/{id} routes,Allowed location continues; denied location -> 403.,Replay/idempotency records remain partner-wide; paths include location.,Credential location_scopes plus restaurant ownership.,IMPLEMENTED_NOT_FULLY_TESTED,unit tested,apps/api/src/auth.ts:77-83; apps/api/src/app.ts:124-134; apps/api/src/pos-partner.test.ts:188-252; supabase/migrations/20260802000100_pos_partner_credentials.sql:27-34,Supabase integration and multi-location concurrency test.,high,Use one key over two allowed and one denied locations; verify no cross-location reads/writes.
UC-008,Topology,Multiple POS terminals within a location,Restec operator/POS partner,"Provisioned partner, locations and connections.","No terminal entity, terminal credential scope, terminal ID, or terminal-to-payment attribution exists.",None,No state model.,Not defined.,Cannot authorize/isolate terminals.,MISSING,not tested,supabase/migrations/20260717000100_restec_foundation.sql:5-21; packages/contracts/src/index.ts:75-86,"Terminal model, scopes, attribution, collision rules, docs and tests.",high,Create two terminals posting same external payment ID; verify explicit uniqueness and attribution policy.
UC-009,Bill sync,Create version-1 bill,POS,"Valid credential, active connection/table mapping and signed JSON.",Auth -> table mapping -> version preflight -> private upsert -> atomic local projection.,PUT /v1/locations/{location}/bills/{bill},200; absent -> accepted bill state version 1.,Idempotency key caches response; request ID cannot repeat; same version/body replays.,bills:write and partner/location/environment binding.,IMPLEMENTED_AND_TESTED,mock integration tested,apps/api/src/app.ts:180-215; packages/database/src/supabase-repository.ts:304-348; apps/api/src/mock.e2e.test.ts:35,Remote Supabase/private sandbox certification.,high,Run signed request against sandbox DB/private service and verify one private/local bill.
UC-010,Bill sync,Update bill with higher version,POS,"Valid credential, active connection/table mapping and signed JSON.","Full snapshot is validated, forwarded, then persisted under row lock.",PUT bill,200; version n -> n+1 accepted.,Same key/body replays; stale or changed same version -> 409.,Same as UC-009.,IMPLEMENTED_AND_TESTED,mock integration tested,packages/database/src/supabase-repository.ts:321-348; supabase/migrations/20260722000200_fix_persist_restec_bill_state.sql:22-78; apps/api/src/mock.e2e.test.ts:99-155,Supabase integration test is skipped.,high,Execute concurrent n+1/n+2 updates and verify deterministic final version.
UC-011,Bill sync,Change items or quantities,POS,"Valid credential, active connection/table mapping and signed JSON.",Schema accepts full replacement when item arithmetic and subtotal remain consistent.,PUT bill,200 accepted or 422 field errors.,Bill version/idempotency rules apply.,Location/table mapping boundary.,IMPLEMENTED_NOT_FULLY_TESTED,unit tested,packages/contracts/src/index.ts:22-74; packages/contracts/src/contracts.test.ts:17-23,Targeted runtime tests for add/remove/quantity/name changes.,medium,"Upsert successive snapshots covering add, remove, quantity 1->10000, duplicate external item IDs."
UC-012,Bill sync,Reduce total after a payment,POS,"Valid credential, active connection/table mapping and signed JSON.","Bill revision and financial floor are reserved before downstream mutation; completed, active and ambiguous capacity is protected.",PUT bill,409 bill_financial_floor_conflict without a downstream write.,Same version and request hash reuse the revision reservation.,Connection location environment and bill scoped.,IMPLEMENTED_NOT_FULLY_TESTED,in-memory concurrency and migration source tested,apps/api/src/app.ts; apps/api/src/financial-concurrency.test.ts; supabase/migrations/20260807000100_financial_capacity_reservations.sql,Real PostgreSQL and delayed-downstream certification.,critical,Race reduction against payment on Supabase and prove no downstream loser.
UC-013,Charges,"Tax, discount, service charge and tip totals",POS,Bill upsert prerequisites.,Strict totals object is arithmetically reconciled against item subtotal.,PUT bill,200 when exact; 422 when inconsistent/negative/float.,Normal bill idempotency.,Schema rejects unknown total fields.,IMPLEMENTED_AND_TESTED,unit tested,packages/contracts/src/index.ts:44-73; packages/contracts/src/contracts.test.ts:17-23; openapi/restec-pos-partner-v1.yaml:346-355,Runtime permutations and tax jurisdiction policy.,medium,Property-test all total components and integer boundaries through public route.
UC-014,Charges,Line notes and bill metadata,POS,Bill upsert prerequisites.,Line notes <=500 and metadata <=8KB are accepted and forwarded.,PUT bill,200 or 422 on limits.,Normal bill idempotency.,Metadata is partner-controlled; size bounded.,IMPLEMENTED_NOT_FULLY_TESTED,schema tested,"packages/contracts/src/index.ts:18-31,54-55",Injection/logging/privacy tests and downstream round-trip evidence.,low,"Send Unicode, HTML, control characters, 500/501-char notes and 8KB boundary metadata."
UC-015,Charges,Structured modifiers and per-line allocations,POS,Bill upsert prerequisites.,Strict item schema rejects modifier arrays and per-line tax/discount.,PUT bill,422 invalid_request; no state transition.,Retry only after changing payload/new logical key.,Strict schema boundary.,EXPLICITLY_UNSUPPORTED,unit tested,packages/contracts/src/index.ts:22-32; packages/contracts/src/contracts.test.ts:25; docs/pos-partner/BILL_AND_ORDER_SYNC.md:16,Product contract if modifiers become financially material.,medium,Send supported/unsupported modifier payloads and assert deterministic rejection/no downstream call.
UC-016,Charges,"Negative, fractional or overflow monetary values",POS,Bill upsert prerequisites.,Minor-unit schema permits integers 0..2147483647; payment amounts must be positive.,Bill/payment routes,422; no write.,Failed idempotency reservation is releasable.,Input validation before downstream financial work.,IMPLEMENTED_AND_TESTED,unit tested,"packages/contracts/src/index.ts:17,75-86; packages/contracts/src/contracts.test.ts:19-25",Fuzz public routes and DB casts.,high,"Test -1, 0 where prohibited, float, max, max+1 and multiplication overflow."
UC-017,Table lifecycle,Assign bill to active mapped table,POS,Mapped tables and an existing/new bill as applicable.,Bill body external_table_id resolves within connection and must be active.,PUT bill; GET /tables,200 accepted or 404 unmapped/inactive.,Bill idempotency/version rules.,Mapping is connection-scoped.,IMPLEMENTED_AND_TESTED,mock integration tested,"apps/api/src/app.ts:182-186,449-454; packages/database/src/supabase-repository.ts:285-302; scripts/certify-real-payment-session.test.ts:59",Remote DB mapping certification.,high,Test active/inactive/mapping from another connection through public API.
UC-018,Table lifecycle,Move open bill to another table,POS,Mapped tables and an existing/new bill as applicable.,Higher-version full snapshot can reference another active mapping; no local session/QR reassignment logic.,PUT bill,Expected 200 with same bill ID and new external_table_id.,Higher version required.,Both tables must be in same connection.,IMPLEMENTED_NOT_FULLY_TESTED,code path only,apps/api/src/app.ts:180-214; docs/pos-partner/BILL_AND_ORDER_SYNC.md:8-9,"Targeted runtime, downstream and customer-link behavior tests.",high,"Move during unpaid, partial and processing states; verify old/new table visibility policy."
UC-019,Table lifecycle,Cancel or close a bill,POS,Mapped tables and an existing/new bill as applicable.,Status enums allow cancelled/completed and snapshots are forwarded; local code does not validate legal terminal transitions.,PUT bill,Expected accepted terminal projection; paid facts preserved.,Higher version; failed commit releases idempotency.,"Financial floor exists in DB, lifecycle policy delegated downstream.",PARTIALLY_IMPLEMENTED,mock cleanup tested,"packages/contracts/src/index.ts:33-42; apps/api/src/app.ts:196-214; scripts/certify-real-payment-session.test.ts:77; docs/pos-partner/BILL_AND_ORDER_SYNC.md:10-11,18",Explicit transition state machine before downstream call and DB integration tests.,critical,Try reopen cancelled/completed bill and cancel paid/processing bill; prove defined outcomes.
UC-020,Table lifecycle,Reuse table for a new guest after closure,POS,Mapped tables and an existing/new bill as applicable.,"New external bill IDs are possible, but there is no current-bill/table-session ownership invariant.",PUT bill,Undefined when old/new bills overlap on same table.,Each bill idempotent independently.,Connection mapping alone does not prevent concurrent table claims.,REQUIRES_PRODUCT_DECISION,documented only,docs/pos-partner/BILL_AND_ORDER_SYNC.md:11-14; supabase/migrations/20260717000100_restec_foundation.sql:13,Single-current-bill rule or explicit multi-bill policy and atomic transition.,high,Open two bills on same table across closure boundary and certify resolver/payment behavior.
UC-021,QR/customer link,Permanent QR/customer URL per table,Customer/POS,Provisioned table and bill lifecycle.,Only per-payment-session opaque checkout URLs exist.,None for table QR; GET /s/{session} for checkout,No table QR state transition.,Not applicable.,Public opaque session ID has environment check; table QR absent.,REQUIRES_PRODUCT_DECISION,documented unsupported,apps/api/src/app.ts:536-646; docs/pos-partner/BILL_AND_ORDER_SYNC.md:14,"Stable public token, ownership, rotation, privacy, abuse and expiry policy.",high,Scan same QR across open/move/close/reuse and verify deterministic current-bill resolution.
UC-022,QR/customer link,Resolve permanent link to current bill,Customer/POS,Provisioned table and bill lifecycle.,No public unauthenticated table/customer resolver route or DB token mapping exists.,None,Expected 200 current payable bill or safe empty/terminal result; absent.,Replay/cache policy undefined.,Must not expose partner/private/table raw IDs.,MISSING,not tested,"apps/api/src/app.ts:119-125,507-795; openapi/restec-pos-partner-v1.yaml:24-247","Resolver endpoint, token table, atomic current-session binding and rate limiting.",critical,"Enumerate tokens, cross-location scans, no-bill, one-bill and conflicting-bill cases."
UC-023,QR/customer link,Update customer link after table movement,Customer/POS,Provisioned table and bill lifecycle.,No QR binding exists to move atomically with bill.,None,Undefined.,Undefined.,Cross-table leakage boundary absent.,MISSING,not tested,docs/pos-partner/BILL_AND_ORDER_SYNC.md:14,Atomic reassignment and old-link behavior decision.,high,Move bill while two customers refresh old/new QR concurrently.
UC-024,QR/customer link,Close link and safely reuse table,Customer/POS,Provisioned table and bill lifecycle.,No closure/tombstone/cache invalidation for customer URL exists.,None,Undefined; risk stale prior guest bill.,Undefined.,Must prevent previous guest from seeing new guest bill/PII.,MISSING,not tested,docs/pos-partner/UAT_TEST_PLAN.md:28; apps/api/src/app.ts:536-715,Privacy-preserving session lifecycle and table reuse rule.,critical,Retain old browser URL through close/new guest and prove no cross-guest data exposure.
UC-025,Digital payments,Create hosted card payment session,POS/customer/provider,Payment sessions enabled and existing matched payable bill.,Valid payable matched bill -> reserve deterministic session -> private create -> allowlist/resolve checkout -> encrypted persistence.,POST /v1/.../payment-sessions,201 requires_customer_action; one active session per bill intended.,Public and private deterministic idempotency; same request replays.,payment_sessions:write; partner/location/environment; rejects cardholder fields.,IMPLEMENTED_AND_TESTED,mock integration tested,apps/api/src/app.ts:274-423; apps/api/src/payment-sessions.test.ts:225; supabase/migrations/20260723000100_payment_sessions.sql:4-48,Remote provider sandbox and Supabase integration certification.,critical,"Run real hosted checkout creation and verify one provider session, encrypted URL, exact public response."
UC-026,Digital payments,Payment moves to processing,POS/customer/provider,Payment sessions enabled and existing matched payable bill.,Verified private event or reconciliation nonterminal status transitions session additively.,POST internal Paely event; GET payment session,202 event accepted; session -> processing; GET 200 processing.,Private event ID deduped; transition no-op on exact duplicate.,Paely HMAC/service/environment plus stored identifier association.,IMPLEMENTED_AND_TESTED,unit/mock tested,apps/api/src/app.ts:795-1077; packages/contracts/src/payment-session-state.ts:3-12; packages/database/src/supabase-repository.integration.test.ts:117,DB integration skipped and no real provider evidence.,high,Deliver processing twice and around checkout refresh; verify one state/no POS financial event.
UC-027,Digital payments,Successful customer payment,POS/customer/provider,Payment sessions enabled and existing matched payable bill.,Verified completed event validates all identities/amount/method/status then atomically updates session/bill/inbox/outbox.,POST internal Paely event; payment.completed webhook,202 then paid; bill paid/partial; outbox pending -> delivered.,Duplicate event returns 200 and no extra outbox.,Private event signature and deep association checks; POS webhook signed.,IMPLEMENTED_AND_TESTED,mock integration tested,apps/api/src/app.ts:909-1077; supabase/migrations/20260731000100_private_event_identifier_validation.sql:10-125; apps/api/src/payment-sessions.test.ts:639,"Real provider, remote DB and real POS certification.",critical,Complete real sandbox card payment and retain one inbox/outbox/POS receipt evidence chain.
UC-028,Digital payments,"Decline, expiry or customer cancellation",POS/customer/provider,Payment sessions enabled and existing matched payable bill.,Signed events or authoritative provider reads terminalize failed/expired/cancelled; browser cancel and local time never release capacity.,Private event; GET /s/.../cancel; reconcile-payment-sessions,Verified terminal -> one state/release/POS event; uncertain provider state retains reservation.,Logical session terminal event dedupes across technical IDs; late paid requires atomic capacity reacquisition.,Private event/provider-read boundary; browser route uses opaque session ID.,IMPLEMENTED_AND_TESTED,unit/mock scheduler tested,"apps/api/src/normal-payment-lifecycle.test.ts; apps/api/src/app.ts; apps/api/src/reconciliation.ts",Real provider sandbox and PostgreSQL race certification.,high,"Suppress browser/webhook, exercise each provider terminal state and retain deployed scheduler evidence."
UC-029,External payments,Report completed cash payment,POS,Existing payable bill and authoritative completed POS fact.,Validate fact -> preflight balance/currency -> private record -> atomic local save -> audit.,POST /external-payments,200; bill amount_paid increases and status partial/paid.,Endpoint idempotency plus external_payment_id dedupe.,payments:write and connection-scoped bill.,IMPLEMENTED_AND_TESTED,route integration with memory/mock,apps/api/src/app.ts:223-272; apps/api/src/pos-partner.test.ts:148; supabase/migrations/20260718000100_restec_final_integration.sql:101-123,Real private/DB certification.,critical,Record full and partial cash against remote sandbox and verify single downstream/local fact.
UC-030,External payments,Report completed physical card-terminal payment,POS,Existing payable bill and authoritative completed POS fact.,Same completed-fact path with method card_terminal.,POST /external-payments,200 partial/paid.,Same as cash; conflicting duplicate -> 409.,No cardholder data allowed by strict schema.,IMPLEMENTED_AND_TESTED,route integration tested,apps/api/src/pos-partner.test.ts:165; packages/contracts/src/index.ts:75-86,Real terminal/POS partner certification.,critical,Send terminal payment and duplicate/conflict from standalone POS simulator and real terminal.
UC-031,External payments,"Wallet-terminal, voucher or approved other",POS,Existing payable bill and authoritative completed POS fact.,Enums accept methods; shared path handles them.,POST /external-payments,200 partial/paid.,Same external ID/idempotency rules.,payments:write; onboarding must govern other meaning.,IMPLEMENTED_NOT_FULLY_TESTED,schema tested,packages/contracts/src/index.ts:77-84; docs/decisions/POS_PAYMENT_OPEN_DECISIONS.md:11,"Per-method runtime tests, processor-reference policy, real POS mapping.",high,Certify each method including metadata/reference and reconciliation export.
UC-032,External payments,"Report pending, declined, cancelled, voided or reversed POS payment",POS,Existing payable bill and authoritative completed POS fact.,Schema accepts only status completed; every unsupported state is route-tested.,POST /external-payments,422 invalid_request; no reservation/private/local financial write.,New supported operation would need new idempotency semantics.,Strict schema and completed-fact trust boundary.,EXPLICITLY_UNSUPPORTED,unit tested,"packages/contracts/src/index.ts; apps/api/src/pos-partner.test.ts; docs/pos-partner/TRADITIONAL_PAYMENT_SYNC.md",Versioned contract only if Phase 5/product adds these operations.,high,Keep deterministic rejection in partner UAT.
UC-033,Partial/mixed,Single partial external payment,POS/customer/provider,Existing bill with positive available capacity.,Amount is reserved before downstream synchronization and committed once.,POST /external-payments,200; unpaid -> partially_paid; due decreases exactly.,Stable external ID/key reuses one reservation.,Shared bill capacity is connection/location/environment scoped.,IMPLEMENTED_AND_TESTED,route/shared-capacity matrix tested,"apps/api/src/financial-concurrency.test.ts; apps/api/src/normal-payment-lifecycle.test.ts; apps/api/src/pos-partner.test.ts",Real PostgreSQL certification.,high,"Pay 30% on Supabase, retry, GET, then pay remainder."
UC-034,Partial/mixed,Multiple sequential POS payments,POS/customer/provider,Existing bill with positive available capacity.,Distinct payments reserve and commit only remaining shared capacity across methods.,POST /external-payments repeatedly,Each reduces due; final -> paid; excess conflicts.,Unique per connection/external ID.,Same bill/location/environment boundary.,IMPLEMENTED_AND_TESTED,exact mixed matrix and stress tested,"apps/api/src/normal-payment-lifecycle.test.ts; apps/api/src/financial-concurrency.test.ts",Real PostgreSQL sequence certification.,high,Cash plus voucher plus terminal against Supabase with exact arithmetic.
UC-035,Partial/mixed,Partial digital payment session,POS/customer/provider,Existing bill with positive amount_due.,Session amount may be below amount_due and event projection supports partially_paid.,POST payment-sessions; payment.completed,201 then paid session; bill remains partially_paid.,One session identity and event dedupe.,Amount cannot exceed balance; PKR/card only.,IMPLEMENTED_AND_TESTED,mock integration tested,"apps/api/src/app.ts:306-317,333-405; apps/api/src/payment-sessions.test.ts:639",Real provider partial checkout certification.,high,Pay half digitally; verify bill due and allow a subsequent payment.
UC-036,Partial/mixed,Mixed simultaneous digital and POS payment,POS/customer/provider,Existing bill with positive available capacity.,Cash terminal and one digital session reserve under one bill lock before downstream effects.,Payment session plus /external-payments,Every approved two-way/three-way combination fits only shared available capacity.,Stable channel identities serialize through one capacity aggregate.,Connection location and environment scoped.,IMPLEMENTED_AND_TESTED,in-memory mixed concurrency and exact matrix tested,"apps/api/src/financial-concurrency.test.ts; apps/api/src/normal-payment-lifecycle.test.ts; docs/pos-partner/PARTIAL_AND_MIXED_PAYMENTS.md",Real mixed-channel PostgreSQL certification.,critical,Race full digital and cash against Supabase and assert one downstream effect.
UC-037,Payment anomalies,Exact duplicate external payment,POS/provider,Existing bill/session and competing or invalid payment fact.,Same external ID/body returns prior state; different body/bill conflicts.,POST /external-payments,200 replay or 409 idempotency_conflict.,Both endpoint key and external ID enforced.,Connection-scoped external ID.,IMPLEMENTED_AND_TESTED,route tested,apps/api/src/pos-partner.test.ts:148-185; packages/database/src/supabase-repository.ts:374-387,Supabase concurrency certification.,critical,Replay after timeout and with new request ID; assert one private/local payment.
UC-038,Payment anomalies,Overpayment attempt,POS/provider,Existing bill/session and competing or invalid payment fact.,Amount above known due rejected before private call; DB rechecks during persist.,External or session create,409 bill_already_paid or 422 amount_exceeds_balance.,Idempotency released on rejection.,Balance and currency validation.,IMPLEMENTED_AND_TESTED,route tested,apps/api/src/app.ts:306-317; packages/database/src/supabase-repository.ts:389-395; apps/api/src/pos-partner.test.ts:254,Concurrent overpayment proof against Supabase.,critical,Race two payments whose sum exceeds due and prove at most due committed downstream and locally.
UC-039,Payment anomalies,Underpayment accepted as partial,POS/provider,Existing bill/session and competing or invalid payment fact.,Positive amount below due is allowed; product minimums/fees/rounding are unspecified.,External payment or session create,200/201; bill partially_paid.,Normal idempotency.,Currency/minor units only.,PARTIALLY_IMPLEMENTED,code path tested indirectly,"packages/contracts/src/index.ts:75-86,100-120; apps/api/src/app.ts:306-317","Minimum amount, residual-cent and fee policy plus tests.",high,"Test 1 minor unit, due-1, repeated micro-payments and provider minimum rejection."
UC-040,Payment anomalies,Amount or currency mismatch,POS/provider,Existing bill/session and competing or invalid payment fact.,External payment compares bill currency; session only PKR; private event matches stored amount/currency.,Payment routes; private event,422/400; no accepted event or financial write.,Retry only with corrected logical request.,Stored session/bill association.,IMPLEMENTED_AND_TESTED,route/mock tested,"apps/api/src/app.ts:312-317,968-976; apps/api/src/pos-partner.test.ts:254; apps/api/src/payment-sessions.test.ts:639",Supabase no-write integration assertion.,critical,Exercise currency/amount mismatch at request and callback boundaries.
UC-041,Concurrency,Concurrent bill updates,Concurrent POS/customer/provider actors,Same existing bill is targeted concurrently.,Revision intent and financial floor are locked before downstream synchronization.,Concurrent PUT bill,One compatible revision proceeds; divergent active revision conflicts.,Same version/body converges on one reservation.,Connection/bill/environment identity.,IMPLEMENTED_NOT_FULLY_TESTED,in-memory race and migration source tested,apps/api/src/app.ts; apps/api/src/financial-concurrency.test.ts; supabase/migrations/20260807000100_financial_capacity_reservations.sql,Real PostgreSQL and delayed-downstream certification.,critical,Fire concurrent revisions on Supabase and prove one downstream mutation.
UC-042,Concurrency,Concurrent distinct external payments against same balance,Concurrent POS/customer/provider actors,Same bill is targeted concurrently.,Each payment reserves capacity before downstream synchronization.,Concurrent POST /external-payments,Only a capacity-fitting set reaches downstream and commits.,Distinct IDs serialize under the bill lock.,Connection bill location and environment scoped.,IMPLEMENTED_NOT_FULLY_TESTED,real HTTP memory and 100-request stress tested,apps/api/src/financial-concurrency.test.ts; apps/api/src/app.ts; supabase/migrations/20260807000100_financial_capacity_reservations.sql,Real PostgreSQL concurrency certification.,critical,Barrier two full payments on Supabase and count one downstream effect.
UC-043,Concurrency,Customer payment completes while POS payment posts,Concurrent POS/customer/provider actors,Digital session owns protected capacity.,Completion atomically converts its reservation while POS can consume only other available capacity.,payment.completed event plus /external-payments,Total committed never exceeds bill capacity.,Event and external identities dedupe under the shared bill lock.,Deep event auth plus connection/location/environment reservation scope.,IMPLEMENTED_NOT_FULLY_TESTED,mixed reservation and authoritative event regression tested,apps/api/src/app.ts; apps/api/src/payment-sessions.test.ts; apps/api/src/financial-concurrency.test.ts; supabase/migrations/20260807000100_financial_capacity_reservations.sql,Real simultaneous event and POS PostgreSQL certification.,critical,Race signed completion and cash against Supabase; assert exact inbox/outbox and totals.
UC-044,Concurrency,Concurrent payment-session creates with different keys,Concurrent POS/customer/provider actors,Same bill is targeted concurrently.,Approved one-active-session policy is enforced by shared reservation and unique constraints before checkout creation.,Concurrent POST payment-sessions,One active session; the other payment_in_progress.,Different keys remain distinct intents.,Same partner/location/bill/environment.,IMPLEMENTED_NOT_FULLY_TESTED,in-memory different-key concurrency and migration tested,apps/api/src/financial-concurrency.test.ts; supabase/migrations/20260807000100_financial_capacity_reservations.sql; supabase/migrations/20260723000100_payment_sessions.sql,Real Supabase/downstream-call certification.,high,Create two different-key sessions simultaneously against Supabase and assert one checkout call.
UC-045,Refunds/reversals,Provider-originated full refund notification,Provider/POS,Original payment exists.,"Event types/state transitions/outbox support refund, but no retained real provider or Supabase certification.",payment.refunded private event -> POS webhook,Session/bill -> refunded; POS event delivered once.,Private event ID dedupe; late invalid transitions rejected.,Signed private event and stored associations.,PARTIALLY_IMPLEMENTED,unit/mock state tested,packages/contracts/src/index.ts:143-149; packages/contracts/src/payment-session-state.ts:7-12; apps/api/src/app.ts:1024-1053,"Real refund source, bill arithmetic, DB/outbox and POS certification.",critical,"Issue real sandbox full refund; verify amounts, session, one webhook, reconciliation."
UC-046,Refunds/reversals,Provider-originated partial refund notification,Provider/POS,Original payment exists.,"partially_refunded exists and can repeat, but exact cumulative amount invariants are delegated to incoming bill/private DB procedure.",payment.partially_refunded event,Paid -> partially_refunded -> refunded as cumulative facts change.,Event dedupe; repeated partial status allowed.,Association checks but eventSchema validates arithmetic formula only.,PARTIALLY_IMPLEMENTED,unit tested,packages/contracts/src/index.ts:147-188; packages/contracts/src/payment-session-state.ts:7-12,Cumulative refund ledger and real provider/DB tests.,critical,"Send multiple partial refunds, duplicate/out-of-order/full completion and validate exact totals."
UC-047,Refunds/reversals,POS initiates full or partial refund,Provider/POS,Original payment exists.,No public refund endpoint or request schema.,None,No transition; partner docs say unsupported.,Undefined.,Would require authorization and original-payment ownership.,EXPLICITLY_UNSUPPORTED,documented unsupported,docs/pos-partner/README.md:12; docs/pos-partner/RESTEC_POS_PARTNER_IMPLEMENTATION_GUIDE.md:40-41,Product/API/payment-domain implementation if required.,critical,Contract-test absent endpoints and future full/partial refund semantics.
UC-048,Refunds/reversals,"Void, reversal, chargeback or dispute lifecycle",Provider/POS,Original payment exists.,"No domain events, schemas, storage, public APIs or reconciliation model for these facts.",None,Undefined.,Undefined.,Original transaction/provider/partner authority not modeled.,MISSING,not tested,"packages/contracts/src/index.ts:131-149,196-225; supabase/migrations/20260717000100_restec_foundation.sql:13-20","Product decisions plus event ledger, APIs, status semantics and certification.",critical,"Certify pre-settlement void, reversal, chargeback open/won/lost and duplicate ordering."
UC-049,POS webhooks,Serialize and sign Restec-to-POS event,Restec worker/POS,Accepted private payment event has created an outbox record.,Canonical event -> strict partner payload -> HMAC headers -> POST.,POS configured webhook URL,2xx accepted; outbox delivered.,Same public event ID retained across attempts.,Per-connection encrypted URL/secret; SSRF checks before delivery.,IMPLEMENTED_AND_TESTED,standalone simulator tested,packages/connectors/canonical-rest/src/index.ts:20-64; packages/connectors/canonical-rest/src/mock-pos-server.test.ts:8,Real POS partner certification and secret rotation.,critical,Verify exact bytes/headers with standalone simulator then real POS.
UC-050,POS webhooks,POS acknowledgement handling,Restec worker/POS,Accepted private payment event has created an outbox record.,200/201/202/204 succeed; other 2xx are treated permanent failure.,POS webhook response,Allowed -> delivered; retryable codes -> pending; other -> dead letter path.,Attempt number unique.,Response body not stored.,IMPLEMENTED_AND_TESTED,standalone simulator tested,packages/connectors/canonical-rest/src/index.ts:65-75; packages/connectors/canonical-rest/src/mock-pos-server.test.ts:8; docs/WEBHOOK_DELIVERY.md:5,Decision/test for 205/206 and oversized/slow bodies.,high,Return each HTTP class and verify outcome/attempt evidence.
UC-051,POS webhooks,Retry failed POS webhook,Restec worker/POS,Accepted private payment event has created an outbox record.,Dispatcher claims leased events and schedules bounded delays; same event ID signed anew.,Internal dispatch job,pending -> processing -> pending/delivered/dead_letter.,Attempts unique; retry schedule capped at 12h.,Job bearer; destination SSRF checks.,IMPLEMENTED_AND_TESTED,mock integration tested,apps/api/src/app.ts:1079-1188; packages/webhook-delivery/src/index.ts:51-52; packages/webhook-delivery/src/index.test.ts:38,Supabase integration and scheduler certification.,critical,Inject network/408/425/429/5xx across overlapping workers; verify exact schedule.
UC-052,POS webhooks,POS reconciles webhook with bill/payment state,Restec worker/POS,Accepted private payment event has created an outbox record.,"Payload includes public payment/bill state, but POS acknowledgement has no semantic receipt/reconciliation feedback.",Partner webhook event,POS 2xx marks transport delivered only.,POS must dedupe event_id.,Partner/location/environment included; no private IDs.,IMPLEMENTED_NOT_FULLY_TESTED,schema/mock tested,packages/contracts/src/index.ts:196-238; packages/connectors/canonical-rest/src/index.ts:23-42,Acknowledgement/reconciliation contract and real POS test.,high,Have POS accept but intentionally reject semantic state; verify detectable recovery path.
UC-053,Webhook anomalies,Duplicate private payment event,Provider/private service,Signed event/callback input.,Inbox insert dedupes by private event ID; same hash returns prior public event and no new outbox.,POST internal event,First 202; duplicate 200; one outbox.,Durable event ID plus hash.,Signed event and connection mapping.,IMPLEMENTED_AND_TESTED,unit/mock tested,apps/api/src/app.test.ts:43; apps/api/src/app.ts:1044-1077; supabase/migrations/20260718000100_restec_final_integration.sql:38-98,Supabase integration skipped.,critical,Send exact duplicates concurrently across instances; assert one inbox/outbox.
UC-054,Webhook anomalies,Delayed or out-of-order terminal events,Provider/private service,Signed event/callback input.,Paid is monotonic; late paid after fail/expire/cancel atomically reacquires capacity; different IDs for the same logical terminal state reuse one POS event.,Private events and scheduler reconciliation,Forbidden regressions reject; safe late paid applies; capacity conflict requires review.,Technical IDs dedupe to the logical session terminal event.,Deep associations apply to provider callbacks; scheduler uses mapped private identity.,IMPLEMENTED_AND_TESTED,state lifecycle and logical dedupe tested,"packages/contracts/src/payment-session-state.ts; apps/api/src/normal-payment-lifecycle.test.ts; supabase/migrations/20260807000300_normal_payment_lifecycle.sql",Real PostgreSQL race certification.,critical,Permute paid/failed/expired/cancelled concurrently against PostgreSQL.
UC-055,Webhook anomalies,Same event ID with conflicting body,Provider/private service,Signed event/callback input.,DB RPC compares request hash and raises replay_detected; memory path is tested more than Supabase.,POST internal event,409 conflict; existing event remains.,Event ID immutable to body.,HMAC alone does not override stored hash.,IMPLEMENTED_NOT_FULLY_TESTED,unit/migration tested,supabase/migrations/20260718000100_restec_final_integration.sql:57-63; apps/api/src/app.test.ts:43,Supabase concurrent conflict test.,critical,Race same ID with two signed bodies; assert one accepted and deterministic conflict.
UC-056,Webhook anomalies,Missing provider webhook,Provider/private service,Signed event/callback input.,Scheduler polls private state and converts authoritative paid/failed/cancelled/expired reads into atomic session/reservation/bill/outbox commits.,reconcile-payment-sessions job,Provider terminal -> canonical event; active/unavailable -> reservation retained and pending audit.,Deterministic reconciliation identity and logical terminal dedupe.,Job bearer; private service auth and stored mapping.,IMPLEMENTED_AND_TESTED,local scheduler lifecycle tested,"apps/api/src/reconciliation.ts; apps/api/src/normal-payment-lifecycle.test.ts; supabase/migrations/20260807000300_normal_payment_lifecycle.sql",Provider sandbox and deployed scheduler certification.,critical,"Suppress real provider webhook, observe terminal state remotely, and retain eventual POS convergence evidence."
UC-057,Offline/retries,POS webhook network timeout,Restec worker/POS,Pending outbox event and configured connector.,Connector aborts at configured timeout and returns retry.,Dispatch job,processing -> pending with next attempt.,Same event ID; increment attempt.,SSRF check every attempt.,IMPLEMENTED_AND_TESTED,standalone/mock tested,packages/connectors/canonical-rest/src/index.ts:51-75; packages/connectors/canonical-rest/src/mock-pos-server.test.ts:8,Remote slow-server and scheduler evidence.,critical,Delay beyond timeout through real network and verify no duplicate semantic acceptance.
UC-058,Offline/retries,POS responds 429 or 5xx,Restec worker/POS,Pending outbox event and configured connector.,Retryable status classification is explicit.,Dispatch job,pending/retry; eventually delivered/dead_letter.,Retry schedule fixed; Retry-After response is ignored.,Per-event attempts.,IMPLEMENTED_AND_TESTED,mock tested,packages/connectors/canonical-rest/src/index.ts:65-72; apps/api/src/sandbox-scenarios.test.ts:52,Decision/support for Retry-After and remote test.,high,Return 429 with Retry-After and each 5xx; compare expected schedule.
UC-059,Offline/retries,Retries exhaust and event dead-letters,Restec worker/POS,Pending outbox event and configured connector.,Runtime and RPC support dead_letter and manual replay; DB integration and alerting are absent.,Dispatch job; reconcile requeue,At max -> dead_letter; manual requeue -> pending.,Same event ID and attempt evidence retained.,Job-only replay.,PARTIALLY_IMPLEMENTED,code/mock tested,"apps/api/src/app.ts:1154-1173,1215-1219; packages/database/src/supabase-repository.ts:555-611","Alerting, queue-age SLO, Supabase integration, runbook exercise.",critical,"Exhaust real DB attempts, page operator, replay once, verify immutable history."
UC-060,Offline/retries,Scheduler stops or callback service remains offline,Restec worker/POS,Pending outbox event and configured connector.,Leases recover on later dispatcher invocation; no runtime watchdog/SLO enforcement exists.,Vercel/GitHub scheduler -> dispatch job,No progress while stopped; later worker releases expired leases and resumes.,DB leases prevent permanent processing lock.,Scheduler bearer token.,PARTIALLY_IMPLEMENTED,configuration only,apps/api/vercel.json:13-21; .github/workflows/payment-pipeline-jobs.yml:4-44; apps/api/src/app.ts:1082-1086,"Scheduler health alert, ownership, failover and outage drill.",critical,"Disable all schedulers, age queue, restore one, verify SLA/alerts/no duplicate delivery."
UC-061,Idempotency/replay,Retry mutation with same key and exact bytes,POS,Authenticated signed request.,Completed response is stored and replayed; downstream key is deterministic.,PUT/POST public routes,Original status/body returned.,New request ID/signature required; same logical key/body.,Partner-scoped key and signed exact body.,IMPLEMENTED_AND_TESTED,route/mock tested,apps/api/src/app.ts:136-178; apps/api/src/pos-partner.test.ts:148; apps/api/src/payment-sessions.test.ts:225,Supabase expiry/stale-record integration.,critical,Retry after lost response across instance restart and verify no second downstream call.
UC-062,Idempotency/replay,Reuse idempotency key with different path/body,POS,Authenticated signed request.,Stored hash/method/path mismatch returns 409.,Mutating public routes,409 idempotency_conflict; no work.,Key is partner-wide.,Partner scope prevents other partner collision.,IMPLEMENTED_AND_TESTED,route tested,apps/api/src/app.ts:147-163; packages/database/src/supabase-repository.ts:165-217; apps/api/src/pos-partner.test.ts:165,Supabase concurrent conflict test.,critical,Reuse key across location/path/body and assert conflict/no downstream call.
UC-063,Idempotency/replay,Duplicate X-Request-Id,POS,Authenticated signed request.,"Replay record insert uniqueness rejects all repeats, even exact retry.",All /v1 routes,409 replay_detected.,Always generate new request ID for retry.,"Partner/environment/hash/timestamp stored, but PK is globally request_id.",IMPLEMENTED_AND_TESTED,mock tested,apps/api/src/auth.ts:101-111; packages/database/src/supabase-repository.ts:147-163; apps/api/src/mock.e2e.test.ts:99,Supabase expiration cleanup and cross-partner collision policy test.,high,Reuse ID same/different partner/body after TTL and verify documented behavior.
UC-064,Idempotency/replay,Stale/future timestamp or bad signature,POS,Authenticated signed request.,Timestamp tolerance and exact method/path/body HMAC are verified before replay reservation.,All /v1 and webhook routes,401; no state change.,Correct and retry with new request ID/timestamp/signature.,Per-credential signing secret.,IMPLEMENTED_AND_TESTED,unit/mock tested,packages/security/src/index.ts:14-53; apps/api/src/auth.ts:84-111; packages/security/src/security.test.ts:13-53,Clock-skew observability and boundary integration.,high,"Test +/- tolerance edges, milliseconds, NaN, method/path encoding and body byte changes."
UC-065,Authentication,"Wrong, malformed or unknown API credential",POS client,Public /v1 request.,Prefix lookup/hash/decryption gate returns generic 401.,All /v1 routes,401 invalid_credentials.,Retry only with valid credential; failures rate-limited when adapter exists.,No partner enumeration.,IMPLEMENTED_AND_TESTED,route tested,apps/api/src/auth.ts:16-49; packages/database/src/supabase-repository.ts:102-137; apps/api/src/pos-partner.test.ts:188,Supabase corrupt-ciphertext behavior test.,high,"Test unknown prefix, wrong suffix, malformed scheme and corrupted encrypted secret."
UC-066,Authentication,Missing scope or wrong location,POS client,Public /v1 request.,Operation scope checked then location ownership/environment authorized.,All location routes,403; no state change.,New request attempt after authorization correction.,Credential scopes + location scopes + DB ownership join.,IMPLEMENTED_AND_TESTED,route tested,apps/api/src/app.ts:124-134; apps/api/src/auth.ts:77-83; apps/api/src/pos-partner.test.ts:188-252,Supabase multi-tenant integration.,critical,Matrix every scope against every endpoint and cross-partner location.
UC-067,Authentication,Expired or revoked credential,POS client,Public /v1 request.,Expired/overlap-expired/revoked are rejected; revoked omitted by query.,All /v1 routes,401 immediately after effective time/revocation.,No grace after explicit revoke.,Status/expiry checked twice.,IMPLEMENTED_NOT_FULLY_TESTED,unit route tested with memory,apps/api/src/auth.ts:27-32; packages/database/src/supabase-repository.ts:110-123; apps/api/src/pos-partner.test.ts:188,Real DB time-bound and revocation propagation tests.,high,Rotate/revoke/expire against remote DB with concurrent in-flight requests.
UC-068,Authentication,Wrong sandbox/production credential or header,POS client,Public /v1 request.,Deployment selects environment and key prefix; payment-session routes also require exact environment header.,Public routes,401; no state change.,Use separately issued environment credential.,Credential row/environment/prefix; session ID environment checked.,IMPLEMENTED_AND_TESTED,route tested,"apps/api/src/auth.ts:25-26,71-76; apps/api/src/app.ts:111-114,424-446; apps/api/src/pos-partner.test.ts:188",Remote two-project crossover test.,critical,Send every sandbox credential/header/ID combination to production and inverse.
UC-069,Secret rotation,Rotate API key/request-signing secret with grace,Restec operator,Existing active secrets and operator authority.,RPC moves active keys to overlap and creates new version; auth honors grace.,Operator rotate; public API,old active -> overlap; new active; both work until grace.,Rotation RPC advisory-locks partner/environment.,Service-role; location scopes validated.,PARTIALLY_IMPLEMENTED,unit route plus migration,supabase/migrations/20260802000100_pos_partner_credentials.sql:175-219; scripts/provision-pos-partner.ts:204-245; apps/api/src/pos-partner.test.ts:188,"Supabase integration, audit, rollback and operator approval for revoke.",high,Rotate during traffic; prove both keys then exact expiry and no scope widening.
UC-070,Secret rotation,Old credential after grace expires,Restec operator,Existing active secrets and operator authority.,Repository/auth reject overlap row when grace_ends_at <= now.,All /v1 routes,401,Client must switch to new key; no retry with old.,Time-based credential boundary.,IMPLEMENTED_AND_TESTED,unit route tested,apps/api/src/auth.ts:27-32; packages/database/src/supabase-repository.ts:115-123; apps/api/src/pos-partner.test.ts:188,Remote clock/boundary test.,high,Exercise one second before/at/after grace across two instances.
UC-071,Secret rotation,Rotate POS webhook signing secret with grace,Restec operator,Existing active secrets and operator authority.,No operator command/RPC/runtime dual-sign or overlap verification.,Outbound POS webhook,Undefined; immediate config replacement risks queued events.,Queued event is not bound to signing-secret version.,Secret lives only inside encrypted connector JSON at dispatch.,MISSING,not tested,packages/connectors/canonical-rest/src/index.ts:47-60; scripts/provision-pos-partner.ts:138-176,"Versioned secret records, grace protocol, event binding and audit.",critical,Rotate with pending/retrying events and prove partner accepts every attempt exactly once.
UC-072,Secret rotation,Rotate encryption/hash master keys,Restec operator,Existing active secrets and operator authority.,Ciphertexts/hash pepper support one configured key only; no key version or re-encryption workflow.,Deployment/operator,Changing key makes credentials/config unreadable and auth/location fail.,No retry/migration protocol.,AES-GCM is sound but key lifecycle absent.,MISSING,not tested,"packages/security/src/index.ts:59-83; packages/database/src/supabase-repository.ts:120-127,264-270","Key IDs, dual-read/single-write migration, rollback and KMS custody.",critical,Rotate on cloned production-sized DB and verify zero auth/webhook interruption.
UC-073,Environment isolation,Key prefix and credential row prevent environment crossover,POS/private service/operator,Separate environment deployment/configuration expected.,rst_test/rst_live plus target environment enforced.,All /v1 routes,401 on crossover.,Separate idempotency/replay rows include environment only partly; key partner scopes remain.,Deployment-selected environment.,IMPLEMENTED_AND_TESTED,unit/route tested,"apps/api/src/auth.ts:25-26,71-76; packages/security/src/index.ts:85-89; packages/security/src/security.test.ts:55",Two-project remote test.,critical,"Attempt cross-environment key, location, session and event identifiers."
UC-074,Environment isolation,Separate sandbox and production databases/secrets,POS/private service/operator,Separate environment deployment/configuration expected.,Config/docs require Supabase but cannot prove distinct deployed projects or restore isolation from repository.,Deployment,Expected physically separate projects; evidence absent.,Operational rollback only.,Highest boundary is infrastructure ownership.,DOCUMENTED_ONLY,not tested,docs/DEPLOYMENT.md:3-6; apps/api/src/config.ts:55-76; docs/internal/POS_PARTNER_PRODUCTION_GAP_ASSESSMENT.md:7-8,"Deployment inventory, secret provenance, IAM and crossover evidence.",critical,Read-only compare project IDs/secrets; destructive sandbox marker must be impossible in production.
UC-075,Environment isolation,Environment header mismatch,POS/private service/operator,Separate environment deployment/configuration expected.,Only payment-session public routes require X-Restec-Environment; other routes rely on deployment/key.,Payment-session create/status,401 on mismatch; bill/payment routes ignore header by contract.,Fresh request after correction.,"Header is defense-in-depth, not sole boundary.",IMPLEMENTED_NOT_FULLY_TESTED,route tested for sessions,"apps/api/src/app.ts:111-114,274-277,424-427; docs/pos-partner/AUTHENTICATION.md:15",Explicit policy/negative tests for header on all route classes.,high,Send missing/wrong header across all endpoints in both deployments.
UC-076,Environment isolation,Private event from wrong service/environment,POS/private service/operator,Separate environment deployment/configuration expected.,Session events require service ID and environment; mappings also compare deployment environment.,POST internal Paely event,401/400/404; no inbox.,Event ID not reserved if rejected before commit.,Global event secret + service/env + stored mappings.,IMPLEMENTED_AND_TESTED,mock tested,"apps/api/src/app.ts:836-899,880-914; apps/api/src/app.test.ts:114",Remote private-service crossover certification.,critical,Replay valid sandbox event/signature to production and mutate each identity field.
UC-077,Reconciliation,Compare Restec and private bill state,Restec operator/job,Protected job credentials and existing state.,Protected job compares seven fields and returns matched/mismatch/pending/review_required.,POST /api/internal/jobs/reconcile action compare,200 result; local state is not rewritten.,Operator may repeat safely; audit emitted.,Job bearer and partner/location authorization.,PARTIALLY_IMPLEMENTED,unit/code only,apps/api/src/reconciliation.ts:21-53; apps/api/src/app.ts:1190-1237,"Persist reconciliation result, batch scheduler and DB/private integration.",high,Create each field mismatch and dependency outage; verify durable case and alert.
UC-078,Reconciliation,Refresh private bill to recover mismatch,Restec operator/job,Protected job credentials and existing state.,API accepts action refresh_private_bill but executes same compare path and does not refresh/write anything.,POST internal reconcile,Currently returns comparison while audit label says refreshed.,Repeated call remains compare-only.,Job authorization hides semantic gap.,MISSING,runtime contradiction,"apps/api/src/app.ts:1198-1200,1221-1234; apps/api/src/reconciliation.ts:21-53",Implement safe refresh or remove/rename action and docs.,critical,"Inject mismatch, invoke action, assert intended source-of-truth recovery and audit accuracy."
UC-079,Reconciliation,Mark bill for manual review,Restec operator/job,Protected job credentials and existing state.,Service writes audit log only; bill reconciliation_status/case queue is not updated.,POST internal reconcile action mark_manual_review,"202 review_required response, but no durable bill status transition.",Repeat creates more audits.,Job bearer.,PARTIALLY_IMPLEMENTED,code only,apps/api/src/app.ts:1211-1213; apps/api/src/reconciliation.ts:55-65,"Durable review case/status, ownership, resolution and alerts.",high,"Mark/reload bill; verify case visible, assignable and resolvable."
UC-080,Reconciliation,Requeue dead-lettered POS event,Restec operator/job,Protected job credentials and existing state.,Protected action invokes RPC and audits; RPC eligibility errors are mapped generically.,POST internal reconcile action requeue_pos_event,202 pending; dispatcher retries same event.,Same event ID; attempt history retained.,Job bearer; no granular operator role.,PARTIALLY_IMPLEMENTED,code/migration only,apps/api/src/app.ts:1215-1219; packages/database/src/supabase-repository.ts:609-611; supabase/migrations/20260718000100_restec_final_integration.sql:125-135,"Supabase integration, authorization granularity and replay reason.",high,"Dead-letter, requeue, deliver and verify immutable attempt/audit chain."
UC-081,Customer sessions,Refresh checkout URL safely under concurrent customer loads,Customer/provider,Existing public payment session.,"Opaque session route claims refresh lease, calls private refresh, validates DNS/host, stores encrypted URL and 303 redirects.",GET /s/{session},303 to allowed fresh URL; concurrent loser 503 retryable.,Lease token/expiry serializes refresh; no financial write.,"Opaque ID, deployment environment, connection mapping, SSRF checks.",IMPLEMENTED_AND_TESTED,route concurrency tested,apps/api/src/app.ts:536-646; apps/api/src/payment-sessions.test.ts:374; supabase/migrations/20260727000100_payment_session_checkout_refresh.sql:17-98,Supabase integration and real provider refresh certification.,high,Concurrent refresh across instances with lease expiry/crash and DNS rebinding attempts.
UC-082,Customer sessions,Abandoned checkout,Customer/provider,Existing public payment session.,Browser activity is irrelevant; scheduler polls provider and commits only authoritative terminal evidence.,GET /s/{session}; reconciliation job,Provider terminal -> deterministic terminal state/event; uncertain provider -> capacity retained.,Deterministic scheduler identity and duplicate-run no-op.,Opaque link; no customer identity required.,IMPLEMENTED_AND_TESTED,local scheduler abandonment tested,"apps/api/src/reconciliation.ts; apps/api/src/normal-payment-lifecycle.test.ts",Provider sandbox/deployed scheduler evidence.,medium,Create and never open/complete session; verify deployed eventual terminal state and POS event.
UC-083,Customer sessions,Stale session after TTL,Customer/provider,Existing public payment session.,Local TTL blocks checkout only; status/return remain nonterminal until scheduler obtains provider terminal proof.,GET session; GET /s; job,No browser mutation; provider expired -> one release/event; active/unavailable -> protected pending state.,Scheduler duplicates no-op and logical events dedupe.,Environment/location checks on API; opaque browser link.,IMPLEMENTED_AND_TESTED,unit/browser/scheduler tested,"apps/api/src/app.ts; apps/api/src/reconciliation.ts; apps/api/src/normal-payment-lifecycle.test.ts",Provider sandbox and deployed scheduler certification.,critical,"Let TTL pass without browser/provider; compare API, browser, job and POS webhook."
UC-084,Customer sessions,Customer return refresh/poll after checkout,Customer/provider,Existing public payment session.,Return page polls until terminal; cancel page explicitly preserves state.,GET /s/{session}/return or /cancel,Terminal message or confirmation_pending; no payment inferred from redirect.,Refresh is read-only; authoritative event wins later.,No-store/no-referrer headers; opaque ID.,IMPLEMENTED_AND_TESTED,unit route tested,apps/api/src/app.ts:647-715; apps/api/src/payment-sessions.test.ts:193,Accessibility/browser security and real provider redirect test.,medium,"Exercise all terminal/nonterminal states, repeated refresh and late event."
UC-085,Operations,Database unavailable or transaction fails,Deployment/job/downstream,Deployed service and dependencies.,Pre-send DB failure prevents the effect; post-send uncertainty retains protected capacity and stable retry identity.,Any DB-backed route/job,5xx without false success; ambiguous capacity remains unavailable.,Same identity and key recover the attempt.,Service-role DB; error details sanitized.,PARTIALLY_IMPLEMENTED,memory failure-window behavior and diagnostics tested,apps/api/src/app.ts; apps/api/src/financial-concurrency.test.ts; packages/database/src/supabase-repository.ts,Real DB failure injection and stale-idempotency repair.,critical,Kill DB before and after every financial RPC and prove exact recovery.
UC-086,Operations,Private payment/bill downstream timeout or 5xx,Deployment/job/downstream,Deployed service and dependencies.,Capacity is reserved first; post-send uncertainty becomes ambiguous and is never released prematurely.,Public bill/payment/session routes,503 payment_outcome_ambiguous with safe retry guidance.,Stable downstream identity and same public key reuse the reservation.,Signed service calls; no private IDs in public errors.,IMPLEMENTED_AND_TESTED,mock ambiguity and lifecycle tested,apps/api/src/mock.e2e.test.ts; apps/api/src/financial-concurrency.test.ts; packages/paely-client/src/index.ts,Provider sandbox timeout-after-commit proof remains.,critical,Inject timeout after actual downstream commit and verify same-key convergence.
UC-087,Operations,Queue/worker/deployment failure during event processing,Deployment/job/downstream,Deployed service and dependencies.,DB inbox/outbox transaction and leases exist; operational alerting/failover/restore evidence absent.,Private event and dispatch job,Event stays pending/processing until worker recovery; lease expires.,Durable dedupe/leases intended.,Internal job token and service-role DB.,PARTIALLY_IMPLEMENTED,mock/migration tested,supabase/migrations/20260717000100_restec_foundation.sql:18-26; apps/api/src/app.ts:1079-1188,"DB integration, chaos, queue-age alert, multi-region/scheduler runbook.",critical,"Crash after claim, after HTTP success and before DB completion; verify bounded duplicates/recovery."
UC-088,Operations,Misconfigured deployment or disabled dependency,Deployment/job/downstream,Deployed service and dependencies.,"Config fails fast for several secrets/HTTPS/shared limiter but cannot prove deployed values, scheduler auth or migrations.",Startup/health,Startup failure or health 200 with sanitized environment.,Redeploy after correction.,Secrets remain server-side; health exposes environment/version.,DOCUMENTED_ONLY,unit config tested,apps/api/src/config.ts:55-87; apps/api/src/config.test.ts:18-49; docs/VERCEL_DEPLOYMENT.md:48-60,"Deployment attestation, migration version health, dependency readiness health.",high,Deploy intentionally broken staging variants and verify fail-fast/alerts/rollback.
UC-089,Data isolation,Cross-location bill/payment/session access,POS/customer/operator,At least two tenants/locations or sensitive data.,"Auth scopes, authorizeLocation and connection/session checks prevent access; not-found used for session isolation.",Public location routes,403 for location denial; 404 for foreign session.,Request replay still recorded after auth before route authorization.,Credential and DB ownership boundary.,IMPLEMENTED_AND_TESTED,route tested,"apps/api/src/auth.ts:77-83; apps/api/src/app.ts:128-134,435-446; apps/api/src/pos-partner.test.ts:188",Supabase two-partner integration and enumeration test.,critical,Attempt every resource ID from another partner/location with scoped/unscoped keys.
UC-090,Data isolation,Private identifiers excluded from public responses,POS/customer/operator,At least two tenants/locations or sensitive data.,Private client sanitizes bill; session response exposes public IDs; public dependency errors sanitized.,Public APIs,No private connection/location/session/provider URL in JSON.,Cached idempotent response also contains sanitized body.,Explicit projection boundary.,IMPLEMENTED_AND_TESTED,unit/mock tested,packages/paely-client/src/index.ts:523-539; apps/api/src/payment-sessions.ts:125-153; apps/api/src/mock.e2e.test.ts:254,Automated response snapshot/leak scanner across errors and logs.,high,Fuzz downstream responses with private fields and scan all public outputs.
UC-091,Data isolation,Logs and audit metadata avoid credentials/card data,POS/customer/operator,At least two tenants/locations or sensitive data.,Structured errors omit raw bodies/secrets; cardholder-key input rejected; audit records safe payment metadata.,All routes/jobs,Rejected card data 400; sanitized logs/audits.,No retry relevance.,PCI/security boundary at hosted page.,IMPLEMENTED_AND_TESTED,unit/mock tested,"apps/api/src/payment-sessions.ts:7-28; apps/api/src/app.ts:254-269,1392-1422; apps/api/src/payment-sessions.test.ts:539","Production log sink review, secret pattern scanning and retention controls.",high,Inject secrets/PII in every downstream error/header and scan captured logs/audits.
UC-092,Data isolation,Customer email/mobile privacy,POS/customer/operator,At least two tenants/locations or sensitive data.,"Optional customer fields are validated and sent to private service; Restec payment_sessions table does not store them, but observability/retention policy is not certified.",POST payment-sessions,201; customer data absent from public response/local session row.,"Same request body hash/idempotency record could retain response only, not request body.",PII crosses Restec-to-private signed channel.,IMPLEMENTED_NOT_FULLY_TESTED,schema/mock tested,packages/contracts/src/index.ts:100-120; apps/api/src/app.ts:358-380; supabase/migrations/20260723000100_payment_sessions.sql:4-35,"Data-flow inventory, log proof, retention/legal basis and provider contract.",high,Trace PII through app/DB/logs/backups and verify deletion/retention policy.
UC-093,Capacity/rate limits,Per-credential/location/path request rate limit,POS/attacker/workers,Deployed multi-instance service under load.,"When adapter configured, fixed 100/min bucket is enforced; strict mode can require adapter.",All /v1 routes,429 Retry-After or 503 if limiter unavailable.,Rejected requests occur after credential lookup and before signature/body/replay checks.,Bucket includes credential prefix/location/path.,PARTIALLY_IMPLEMENTED,unit adapter tested,apps/api/src/auth.ts:50-69; packages/rate-limiting/src/index.ts:36-63; packages/rate-limiting/src/index.test.ts:16,Production adapter/load evidence and configurable policy.,high,Distributed load across instances/paths/locations and verify exact global limits.
UC-094,Capacity/rate limits,Authentication-failure flood,POS/attacker/workers,Deployed multi-instance service under load.,Invalid credentials consume 20/min by hashed source only when limiter exists; without strict/configured limiter there is no protection.,All /v1 routes,"Eventually limiter-specific behavior, but result.allowed is not checked in auth-failure branch.",Each attempt independent.,Source derived from proxy headers; trust boundary not configured in code.,IMPLEMENTED_NOT_FULLY_TESTED,code only,apps/api/src/auth.ts:33-48,"Check allowed result, trusted-proxy policy, production edge/WAF tests.",high,Flood forged X-Forwarded-For and one source; verify throttling and no DB exhaustion.
UC-095,Capacity/rate limits,Traffic spike and downstream saturation,POS/attacker/workers,Deployed multi-instance service under load.,"Fixed request limit, private retries and batch size exist; no load/capacity/backpressure/circuit-breaker evidence.",Public APIs/jobs,Expected bounded latency/429/503; actual capacity unknown.,Retries may amplify load because private retries have no delay.,Credential limiter and job batch only.,PARTIALLY_IMPLEMENTED,not tested,apps/api/src/config.ts:41-50; packages/paely-client/src/index.ts:558-657; docs/internal/POS_PARTNER_PRODUCTION_GAP_ASSESSMENT.md:15,"Load model, budgets, backpressure, jitter/circuit breaker, autoscaling evidence.",critical,Production-like spike with mixed API/webhook/jobs; certify SLO and no duplicate payments.
UC-096,Capacity/rate limits,Concurrent worker execution,POS/attacker/workers,Deployed multi-instance service under load.,claim_pos_outbox uses FOR UPDATE SKIP LOCKED and leases; DB integration test is skipped.,Overlapping dispatch jobs,Each event claimed by one worker; expired lease can be reclaimed.,Attempt uniqueness constrains evidence but HTTP success/DB failure can redeliver.,Job bearer and service-role RPC.,PARTIALLY_IMPLEMENTED,migration only,supabase/migrations/20260717000100_restec_foundation.sql:26; apps/api/src/app.ts:1082-1091; packages/database/src/supabase-repository.integration.test.ts:9,Run integration/chaos with multiple workers and post-success crash.,critical,Launch N workers on real DB; assert claim exclusivity and documented at-least-once delivery.
UC-097,Offboarding,Revoke all restaurant API credentials,Restec operator/restaurant,Provisioned restaurant with credentials/connections/evidence.,Single-key revoke exists; no partner/location bulk-offboarding transaction.,Operator revoke,Each key -> revoked; partner/connection remain active unless separately changed.,Per-key repeated revoke fails.,Service-role by prefix; no ownership confirmation in RPC input.,PARTIALLY_IMPLEMENTED,code only,scripts/provision-pos-partner.ts:248-258; supabase/migrations/20260802000100_pos_partner_credentials.sql:221-227,"Bulk scoped offboarding, approval, audit and inventory.",critical,Offboard partner with active/overlap keys and prove all public access ends immediately.
UC-098,Offboarding,Disable POS connection/webhook,Restec operator/restaurant,Provisioned restaurant with credentials/connections/evidence.,"status columns exist and runtime authorizes only active connection, but no governed operator workflow coordinates both config stores.",DB/operator,connection active -> disabled should block APIs/dispatch; webhook endpoint status is otherwise unused by runtime.,Pending events behavior undefined.,Service-role DB; connector configuration remains encrypted.,PARTIALLY_IMPLEMENTED,migration/runtime only,"supabase/migrations/20260717000100_restec_foundation.sql:10,15; packages/database/src/supabase-repository.ts:245-280","Atomic disable workflow, audit, pending-event policy and tests.",critical,Disable during traffic/queued events; verify API denial and chosen delivery behavior.
UC-099,Offboarding,Handle pending payments/outbox during offboarding,Restec operator/restaurant,Provisioned restaurant with credentials/connections/evidence.,No drain/cancel/quarantine policy; disabling connection makes authorizeConnection fail so claimed outbox rows may remain unrecoverable/recycled.,Dispatch and offboarding,"Undefined: drain before revoke, quarantine, or deliver after offboard.",Existing event IDs/history must be retained.,Conflicts security revocation with financial notification duty.,REQUIRES_PRODUCT_DECISION,not tested,packages/database/src/supabase-repository.ts:477-528; apps/api/src/app.ts:1090-1174,"Explicit drain order, legal/financial policy, break-glass replay and implementation.",critical,Offboard with processing session and pending/dead-letter events; prove no lost money/event or unauthorized callback.
UC-100,Offboarding,"Data retention, deletion and re-onboarding",Restec operator/restaurant,Provisioned restaurant with credentials/connections/evidence.,FKs use delete restrict and rollback notes preserve evidence; no retention schedule/anonymization/re-onboarding workflow.,Operator/data lifecycle,Evidence retained; deletion/reuse semantics undefined.,Old external IDs/idempotency records may collide on re-onboarding.,"Must balance tenant deletion, financial retention and privacy.",DOCUMENTED_ONLY,documented only,supabase/migrations/20260717000100_restec_foundation.sql:5-21; docs/DEPLOYMENT.md:10; supabase/migrations/20260802000100_pos_partner_credentials.sql:246-247,"Retention schedule, anonymization, legal holds, identifier reuse and reactivation policy.",high,Offboard then re-onboard same external IDs after retention windows; verify isolation and evidence.
